{"cameraMode":{"drawMode":0,"name":"Shaded","section":"Shading Mode"},"sceneLighting":true,"audioPlay":false,"sceneViewState":{"m_AlwaysRefresh":false,"showFog":true,"showSkybox":true,"showFlares":true,"showImageEffects":true,"showParticleSystems":true,"showVisualEffectGraphs":true,"m_FxEnabled":false},"in2DMode":false,"pivot":{"x":0.05372549220919609,"y":0.6966805458068848,"z":3.2435054779052736},"rotation":{"x":0.34889817237854006,"y":-0.004217968787997961,"z":0.001569328480400145,"w":0.9371516108512878},"size":4.299176216125488,"orthographic":false}