{"cameraMode":{"drawMode":0,"name":"Shaded","section":"Shading Mode"},"sceneLighting":true,"audioPlay":false,"sceneViewState":{"m_AlwaysRefresh":false,"showFog":true,"showSkybox":true,"showFlares":true,"showImageEffects":true,"showParticleSystems":true,"showVisualEffectGraphs":true,"m_FxEnabled":false},"in2DMode":false,"pivot":{"x":0.13934403657913209,"y":0.03747278451919556,"z":-0.14633679389953614},"rotation":{"x":-0.0696546882390976,"y":0.9242587089538574,"z":-0.20455755293369294,"w":-0.3147229254245758},"size":0.8660253882408142,"orthographic":false}